BOOKS,AUTHOR,PUBLISHERS,YEAR
Harry Potter and the Sorcerer's Stone (Book 1),J. K. Rowling,A & C Black,1955
Harry Potter and the Chamber of Secrets,J. K. Rowling,A. C. McClurg,1905
Harry Potter and the Half-Blood Prince,J. K. Rowling,A. S. Barnes,1950
Harry Potter and the Prisoner of Azkaban,J. K. Rowling,Abilene Christian University Press,1991
Harry Potter and the Order of the Phoenix,J. K. Rowling,Ablex Publishing,1985
Harry Potter and the Goblet of Fire,J. K. Rowling,Academic Press,1996
Harry Potter and the Deathly Hallows,J. K. Rowling,Ace Books,2018
The Hobbit,J. R. R. Tolkien,Addison Wesley,1940
1984,George Orwell,Adis International,1981
The Da Vinci Code,Dan Brown,Airiti Press,1975
Pride and Prejudice,Jane Austen,Akashic Books,1951
To Kill a Mockingbird,Harper Lee,Aladdin Paperbacks,1908
The Catcher in the Rye,J. D. Salinger,Alfred A. Knopf,1983
The Great Gatsby,F. Scott Fitzgerald,Allen & Unwin,1910
Twilight,Stephenie Meyer,Allison and Busby,1998
The Hunger Games,Suzanne Collins,Alyson Books,1981
Animal Farm,George Orwell,American Graphics Institute,1942
Jane Eyre,Charlotte Bront√´,Andr√© Deutsch,1962
Brave New World,Aldous Huxley,Andrews McMeel Publishing,1944
The Lord of the Rings,J. R. R. Tolkien,Anova Books ,1992
New Moon,Stephenie Meyer,Anvil Press Poetry,1929
Angels & Demons,Dan Brown,Applewood Books,1923
The Fellowship of the Ring,J. R. R. Tolkien,Apress,2007
The Curious Incident of the Dog in the Night-Time,Mark Haddon,Arbor House,1971
Fahrenheit 451,Ray Bradbury,Arbordale Publishing,1928
Wuthering Heights,Emily Bront√´,Arcade Publishing,2003
Life of Pi,Yann Martel,Arcadia Publishing,1949
Lord of the Flies,William Golding,Arkham House,1914
Eclipse,Stephenie Meyer,Armida Publications,1911
The Time Traveler's Wife,Audrey Niffenegger,ArtScroll,2006
The Odyssey,Homer,Athabasca University Press,1918
One Hundred Years of Solitude,Gabriel Garcia Marquez,Atheneum Books,2003
Slaughterhouse-Five,"Kurt Vonnegut, Jr.",2003
The Two Towers,J. R. R. Tolkien,Atlantic Books,1903
The Girl With The Dragon Tattoo,Stieg Larsson,Atlas Press,1999
Catching Fire,Suzanne Collins,ATOM Books,1923
The Return of the King,J. R. R. Tolkien,Atria Publishing Group,2010
Crime and Punishment,Fyodor Dostoevsky,Augsburg Fortress,1995
Ender's Game,Orson Scott Card,Aunt Lute Books,1925
Breaking Dawn,Stephenie Meyer,Austin Macauley Publishers,1948
Catch-22,Joseph Heller,Avon Publications,2013
Memoirs of a Geisha,Arthur Golden,Arihant Publishers,1962
The Lovely Bones,Alice Sebold,B & W Publishing,1943
The Book Thief,Markus Zusak,Baen Books,2006
The Adventures of Huckleberry Finn,Mark Twain,Baker Book House,1902
"The Lion, the Witch and the Wardrobe",C. S. Lewis,1911
Mockingjay,Suzanne Collins,Banner of Truth Trust,1908
The Hitchhiker's Guide to the Galaxy,Douglas Adams,Bantam Books,1950
A Game of Thrones,George R. R. Martin,Bantam Spectra,1902
The Little Prince,Antoine de Saint-Exup√©ry,Barrie & Jenkins,1949
Of Mice and Men,John Steinbeck,Basic Books,1958
Anna Karenina,Leo Tolstoy,BBC Books,1903
American Gods,Neil Gaiman,Beacon Publishing,1999
Sense and Sensibility,Jane Austen,Belknap Press,2006
"The Golden Compass (His Dark Materials, Book 1)",Philip Pullman,1957
Emma,Jane Austen,Bellevue Literary Press,1909
The Alchemist,Paulo Coelho,Berg Publishers,1975
Great Expectations,Charles Dickens,Berkley Books,1904
Dune,Frank Herbert,Bison Books,1907
The Giver,Lois Lowry,Black Dog Publishing,1923
Frankenstein,Mary Shelley,Black Library,1952
The Picture of Dorian Gray,Oscar Wilde,Black Sparrow Books,2013
The Iliad,Homer,Blackie and Son Limited,1982
The Road,Cormac McCarthy,Blackstaff Press,1985
The Handmaid's Tale,Margaret Atwood,Blackwell Publishing,1909
The Stranger,Albert Camus,Blake Publishing,1999
The Chronicles of Narnia,C. S. Lewis,Bloodaxe Books,1940
A Wrinkle in Time,Madeleine L'Engle,Bloomsbury Publishing Plc,1932
The Grapes of Wrath,John Steinbeck,Blue Ribbon Books,1971
The Scarlet Letter,Nathaniel Hawthorne,Bobbs-Merrill Company,2012
A Tale of Two Cities,Charles Dickens,Bogle-L'Ouverture Publications,1953
Lolita,Vladimir Nabokov,Book League of America,1970
Good Omens,Terry Pratchett,Book Works,1962
The Kite Runner,Khaled Hosseini,Booktrope,1963
The Silmarillion,J. R. R. Tolkien,Borgo Press,1941
Water for Elephants: A Novel,Sara Gruen,Boundless,1906
Moby Dick,Herman Melville,Bowes & Bowes,1991
The Complete Works of William Shakespeare,William Shakespeare,Boydell & Brewer,1959
A Thousand Splendid Suns,Khaled Hosseini,Broadside Lotus Press,1975
Middlesex,Jeffrey Eugenides,Breslov Research Institute,1981
The Girl Who Played With Fire,Stieg Larsson,Brill Publishers,2019
Wicked,Gregory Maguire,Brimstone Press,1925
Eragon,Christopher Paolini,Broadview Press,1906
Dracula,Bram Stoker,Burns & Oates,1939
Hamlet,William Shakespeare,Butterworth-Heinemann,1919
On the Road,Jack Kerouac,ABP Group,1973
The Secret Life of Bees,Sue Monk Kidd,Caister Academic Press UK,1996
The Help,Kathryn Stockett,Cambridge University Press UK,1907
Charlotte's Web,E. B. White,Candlewick Press,1964
Atonement,Ian McEwan,Candy Jar Books,1997
Jonathan Strange & Mr. Norrell: A Novel,Susanna Clarke,Canongate Books,2000
The Poisonwood Bible,Barbara Kingsolver,"Carcanet Press,1932
The Secret Garden,Frances Hodgson Burnett,Carlton Books UK,1902
The Shadow of the Wind,Carlos Ruiz Zaf√≥n,Carlton Publishing Group UK,1924
Love in The Time of Cholera,Gabriel Garcia Marquez,Carnegie Mellon University Press,1973
Freakonomics: A Rogue Economist Explores the Hidden Side of Everything,Steven D. Levitt,Casemate Publishers,1989
The Old Man and The Sea,Ernest Hemingway,Cassava Republic Press,1979
The Brothers Karamazov,Fyodor Dostoevsky,Cassell,1900
The Bell Jar,Sylvia Plath,Cengage Learning,1925
Neverwhere,Neil Gaiman,Central European University Press,1909
A Clash of Kings,George R. R. Martin,Century,1945
Treasure Island,Robert Louis Stevenson,Chambers Harrap,1903
Siddhartha,Hermann Hesse,Charles Scribner's Sons,1996
The Pillars of the Earth,Ken Follett,Chatto and Windus,1922
Persuasion,Jane Austen,Chick Publications,1975
The Adventures of Tom Sawyer,Mark Twain,Chronicle Books,2003
Don Quixote,Miguel de Cervantes Saavedra,Churchill Livingstone,1991
War and Peace,Leo Tolstoy,Cisco Press,1916
A Clockwork Orange,Anthony Burgess,City Lights Publishers,1913
Romeo and Juliet,William Shakespeare,Cloverdale Corporation,1903
The Subtle Knife,Philip Pullman,Cold Spring Harbor Laboratory Press,1928
Anne Frank: The Diary of a Young Girl,Anne Frank,Collector's Guide Publishing,1991
Madame Bovary,Gustave Flaubert,Collins,1953
The Girl Who Kicked The Hornet's Nest,Stieg Larsson,Columbia University Press,1951
"Guns, Germs, and Steel: The Fates of Human Societies",1999
The Kite Runner,Khaled Hosseini,Constable & Co Ltd,1927
Night,Elie Wiesel,Continuum International Publishing Group,1910
One Flew Over the Cuckoo's Nest,Ken Kesey,Copper Canyon Press,2007
The Magician's Nephew,C. S. Lewis,Cork University Press,1935
The Amber Spyglass,Philip Pullman,Cornell University Press,2005
Watership Down,Richard Adams,Coronet Books,1964
Me Talk Pretty One Day,David Sedaris,Craftsman Book Company,1919
Angela's Ashes,Frank McCourt,CRC Press,1938
"Eat, Pray, Love",1962
The Historian,Elizabeth Kostova,Crocker & Brewster,1982
Interview with the Vampire,Anne Rice,Crown Publishing Group,1969
Atlas Shrugged,Ayn Rand,Jaypee Brothers,1950
The Unbearable Lightness of Being,Milan Kundera,D. Appleton & Company,1970
Ulysses,James Joyce,D. Reidel,1946
Macbeth,William Shakespeare,Da Capo Press,1902
Neuromancer,William Gibson,Daedalus Publishing,1984
A Short History of Nearly Everything,Bill Bryson,Dalkey Archive Press,1940
My Sister's Keeper,Jodi Picoult,Darakwon Press,2014
The Tipping Point: How Little Things Can Make a Big Difference,Malcolm Gladwell,David & Charles,1994
The Sun Also Rises,Ernest Hemingway,DAW Books,1991
Gone With the Wind,Margaret Mitchell,Dedalus Books,2000
Cat's Cradle,"Kurt Vonnegut, Jr.",1981
The Princess Bride,William Goldman,Delacorte Press,1953
Mere Christianity,C. S. Lewis,Deseret Book,1916
Les Mis√©rables,Victor Hugo,Dick and Fitzgerald,2017
A Storm Of Swords,George R. R. Martin,Directmedia Publishing,1921
The Lightning Thief,Rick Riordan,DNA Publications,1998
In Cold Blood,Truman Capote,Dobson Books,1914
Alice's Adventures in Wonderland and Through the Looking Glass,Lewis Carroll,"Dodd,1988
Holes,Louis Sachar,Dorchester Publishing,1991
Alice's Adventures in Wonderland,Lewis Carroll,Dorling Kindersley,1988
Blink: The Power of Thinking Without Thinking,Malcolm Gladwell,Doubleday,1913
A Feast For Crows,George R. R. Martin,Douglas & McIntyre,1911
Heart of Darkness,Joseph Conrad,Dove Medical Press,1990
A Confederacy of Dunces,John Kennedy Toole,Dover Publications,1940
The Count of Monte Cristo,Alexandre Dumas p√®re,Dundurn Group,1991
Stardust,Neil Gaiman,Gita Press,1954
Prince Caspian,C. S. Lewis,E. P. Dutton,1951
Beowulf,Beowulf Poet,Earthscan,1942
Deception Point,Dan Brown,ECW Press,1934
A Farewell to Arms,Ernest Hemingway,Eel Pie Publishing,1938
Anansi Boys,Neil Gaiman,Eerdmans Publishing,1953
The Inferno,Dante Alighieri,Elliot Stock,1994
East of Eden,John Steinbeck,Ellora's Cave,1979
Digital Fortress,Dan Brown,Elsevier,1977
Mansfield Park,Jane Austen,Emerald Group Publishing,1936
A Portrait of the Artist as a Young Man,James Joyce,Etruscan Press,1935
Never Let Me Go,Kazuo Ishiguro,Europa Press,1930
Anne of Green Gables,L. M. Montgomery,Everyman's Library,1934
The Voyage of the Dawn Treader,C. S. Lewis,Ewha Womans University Press,1967
Outlander,Diana Gabaldon,Exact Change,1979
Beloved,Toni Morrison,Express Publishing,1939
The Horse and His Boy,C. S. Lewis,Tata Publishers,1965
Oliver Twist,Charles Dickens,Faber and Faber,1950
Robinson Crusoe,Daniel Defoe,FabJob,1964
The Colour of Magic,Terry Pratchett,Fairview Press,1944
Where the Wild Things Are,Maurice Sendak,"Farrar,1914
Eldest,Christopher Paolini,Fearless Books,1968
The Fountainhead,Ayn Rand,Felony & Mayhem Press,2000
The Prince,Niccol√≤ Machiavelli,Firebrand Books,1934
The Canterbury Tales,Geoffrey Chaucer,Flame Tree Publishing,1906
Gulliver's Travels,Jonathan Swift,Focal Press,1985
Snow Crash,Neal Stephenson,Folio Society,1916
Charlie and the Chocolate Factory,Roald Dahl,Forum Media Group,1907
The Gunslinger,Stephen King,Four Courts Press,1904
"The Devil in the White City: Murder, Magic, and Madness at the Fair that Changed America",1928
The Amazing Adventures of Kavalier & Clay,Michael Chabon,"Frederick Fell Publishers,1966
The Aeneid,Virgil,Frederick Warne & Co,1994
The Elements of Style,William Jr. Strunk,Free Press,1959
The Shining,Stephen King,Fulcrum Press,1953
Northanger Abbey,Jane Austen,Funk & Wagnalls,1973
Little Women,Louisa May Alcott,Indian Books Center,1914
Fight Club,Chuck Palahniuk,G. P. Putnam's Sons,1990
The Graveyard Book,Neil Gaiman,G-Unit Books,1929
The Glass Castle: A Memoir,Jeannette Walls,Gaspereau Press,2012
"Tuesdays with Morrie: An Old Man, a Young Man, and Life's Greatest Lesson",1948
The God of Small Things,Arundhati Roy,Gefen Publishing House,2011
Candide,Voltaire,George H. Doran Company,2015
The Lost Symbol,Dan Brown,George Newnes,1964
A Prayer for Owen Meany,John Irving,George Routledge & Sons,2002
The Stand: The Complete and Uncut Edition,Stephen King,Godwit Press,1985
The Silver Chair,C. S. Lewis,Golden Cockerel Press,2004
A Christmas Carol,Charles Dickens,The Good Book Company (UK),2018
The Republic,Plato,Good News Publishers,1963
The Name of the Rose,Umberto Eco,Goops Unlimited,1913
A Brief History of Time: From the Big Bang to Black Holes,Stephen Hawking,Goose Lane Editions,1925
Mrs. Dalloway,Virginia Woolf,Grafton,1970
The Trial,Franz Kafka,Graywolf Press,1923
Watchmen,Alan Moore,Greenery Press,1945
David Copperfield,Charles Dickens,Greenleaf Book Group,1937
Coraline,Neil Gaiman,Greenleaf Publishing Ltd,1960
The Ultimate Hitchhiker's Guide,Douglas Adams,Greenwillow Books,2019
The Memory Keeper's Daughter,Kim Edwards,Greenwood Publishing Group,1963
The Three Musketeers,Alexandre Dumas,Gregg Press,1996
Zen and the Art of Motorcycle Maintenance: An Inquiry Into Values,Robert M. Pirsig,Grosset & Dunlap,1950
The Five People You Meet in Heaven,Mitch Albom,Grove Press / Atlantic Monthly Press,1924
The Last Battle,C. S. Lewis,Prakashan,1913
Sophie's World,Jostein Gaarder,Hachette Book Group USA,1965
Girl with a Pearl Earring,Tracy Chevalier,Hackett Publishing Company,1947
Bridget Jones's Diary,Helen Fielding,Hamish Hamilton,1929
Jurassic Park,Michael Crichton,Happy House,1901
Foundation,Isaac Asimov,Harcourt Assessment,1988
The Guernsey Literary and Potato Peel Pie Society,Mary Ann Shaffer,Harcourt Trade Publishers,1918
Tess of the d'Urbervilles,Thomas Hardy,Harlequin Enterprises Ltd,1944
Dubliners,James Joyce,Harper & Brothers,1946
The Wind in the Willows,Kenneth Grahame,Harper & Row,2012
The Restaurant at the End of the Universe,Douglas Adams,HarperCollins Publishers,1931
Cryptonomicon,Neal Stephenson,HarperPrism,1995
Foucault's Pendulum,Umberto Eco,HarperTrophy,1907
The Fault in Our Stars,John Green,"Harry N. Abrams,1901
The Art of War,Sun Tzu,Harvard University Press,1935
Artemis Fowl,Eoin Colfer,Harvest House,1990
The Red Tent,Anita Diamant,Harvill Press at Random House,1937
The Confessions,Augustine,Hawthorne Books,2019
The Master and Margarita,Mikhail Bulgakov,Hay House,1931
Things Fall Apart,Chinua Achebe,Haynes Manuals (UK),1906
The Thirteenth Tale,Diane Setterfield,Heinemann,1984
The Wind-Up Bird Chronicle,Haruki Murakami,Herbert Jenkins,1978
The Corrections,Jonathan Franzen,Heyday Books,1948
The Tales of Beedle the Bard,J. K. Rowling,HMSO,2012
Perfume: The Story of a Murderer,Patrick S√ºskind,Hodder & Stoughton,1997
Rebecca,Daphne du Maurier,Hodder Headline,2008
The Perks of Being a Wallflower,Stephen Chbosky,Hogarth Press,1976
The Color Purple,Alice Walker,Holland Park Press,1965
A Heartbreaking Work of Staggering Genius,Dave Eggers,Holt McDougal,1954
The Bad Beginning,Lemony Snicket,Hoover Institution Press,2015
The Joy Luck Club,Amy Tan,Horizon Scientific Press (UK),2003
For Whom the Bell Tolls,Ernest Hemingway,Houghton Mifflin,1928
It,Stephen King,House of Anansi Press,1995
The God Delusion,Richard Dawkins,The House of Murky Depths (UK),1985
A Midsummer Night's Dream,William Shakespeare,Howell-North Books,1952
Divergent,Veronica Roth,Huffington Post,1917
The Wonderful Wizard of Oz,L. Frank Baum,Humana Press,1907
Matilda,Roald Dahl,Hutchinson,1907
Kafka on the Shore,Haruki Murakami,Hyperion,1954
The Divine Comedy,Dante Alighieri,Balbharati,1973
The Host,Stephenie Meyer,Ian Allan Publishing,1932
Extremely Loud and Incredibly Close,Jonathan Safran Foer,IGI Global[1],1963
The Mists of Avalon,Marion Zimmer Bradley,Ignatius Press,1924
The Blind Assassin,Margaret Atwood,Imperial War Museum,1903
The Plague,Albert Camus,Indiana University Press,1978
Bridge to Terabithia,Katherine Paterson,Informa Healthcare,2007
The Eyre Affair,Jasper Fforde,Information Age Publishing,1993
The World According to Garp,John Irving,Insomniac Press Canada,1944
Breakfast of Champions,"Kurt Vonnegut, Jr.",1931
The Other Boleyn Girl,Philippa Gregory,International Universities Press,1996
To the Lighthouse,Virginia Woolf,Inter-Varsity Press,1995
The Secret History,Donna Tartt,InterVarsity Press,1930
Cloud Atlas: A Novel,David Mitchell,Ishi Press,1985
Oryx and Crake,Margaret Atwood,Islamic Texts Society,1947
Where the Sidewalk Ends: Poems and Drawings,Shel Silverstein,Island Press,1959
Into the Wild,Jon Krakauer,Ivyspring International Publisher,1957
High Fidelity,Nick Hornby,Penguin Books India,1997
A Walk in the Woods: Rediscovering America on the Appalachian Trail,Bill Bryson,J. M. Dent,1986
Running With Scissors,Augusten Burroughs,Jaico Publishing House,1973
"Eats, Shoots & Leaves: The Zero Tolerance Approach to Punctuation",Lynne Truss,1931
The Outsiders,S. E. Hinton,John Lane,1911
On Writing,Stephen King,John Murray,1952
Do Androids Dream of Electric Sheep?,Philip K. Dick,John Wiley & Sons (Wiley),1912
Gone Girl,Gillian Flynn,Jones and Bartlett Learning,1908
Inkheart,Cornelia Funke,Wiley,1979
Their Eyes Were Watching God,Zora Neale Hurston,Karadi Tales,1938
All Quiet on the Western Front,Erich Maria Remarque,Kensington Books,1981
Dead Until Dark,Charlaine Harris,Kessinger Publishing,1984
The Sound and the Fury,William Faulkner,Kluwer Academic Publishers,1982
Tao Te Ching,Lao Tzu,Kodansha,1989
Speaker for the Dead,Orson Scott Card,Kogan Page,1986
Middlemarch,George Eliot,Koren Publishers Jerusalem,1968
The Eye of the World,Robert Jordan,KTAV Publishing House,1929
Everything Is Illuminated,Jonathan Safran Foer,Kumarian Press,1981
Franny and Zooey,J. D. Salinger,S Chand Group,1977
The Very Hungry Caterpillar,Eric Carle,Ladybird Books,1946
And Then There Were None,Agatha Christie,Leaf Books,1990
The Time Machine,H. G. Wells,Leafwood Publishers,2010
James and the Giant Peach,Roald Dahl,Left Book Club,2007
"Life, the Universe and Everything",Douglas Adams,1952
The Sea of Monsters,Rick Riordan,Legend Press,1902
City of Bones,Cassandra Clare,Lethe Press,1955
The Pilgrim's Progress,John Bunyan,Libertas Academica,1964
Green Eggs and Ham,Dr. Seuss,Liberty Fund,1934
The Once and Future King,T. H. White,Library of America,2010
Dress Your Family in Corduroy and Denim,David Sedaris,Lion Hudson,1929
The Martian Chronicles,Ray Bradbury,Lion Publishing,1984
The Idiot,Fyodor Dostoevsky,Lionel Leventhal,1955
The War of the Worlds,H. G. Wells,Lippincott Williams & Wilkins,1960
Norwegian Wood,Haruki Murakami,"Little,1978
Looking for Alaska,John Green,Liverpool University Press,1986
Mort,Terry Pratchett,Llewellyn Worldwide,1991
The 7 Habits of Highly Effective People,Stephen R. Covey,Longman,1932
The Screwtape Letters (with Screwtape Proposes a Toast),C. S. Lewis,LPI Media,2010
A Tree Grows in Brooklyn,Betty Smith,Lutterworth Press,1951
Othello,William Shakespeare,Hachette India,1914
Invisible Man,Ralph Ellison,Macmillan Publishers,1943
Fear and Loathing in Las Vegas,Hunter S. Thompson,Mainstream Publishing,1913
The Drawing Of The Three,Stephen King,Manchester University Press,1962
Little Women,Louisa May Alcott,Mandrake of Oxford,1978
The Notebook,Nicholas Sparks,Mandrake Press,1921
His Dark Materials,Philip Pullman,Manning Publications,2009
The BFG,Roald Dahl,Manor House Publishing,1978
Number the Stars,Lois Lowry,Mapin Publishing,1954
The Giving Tree,Shel Silverstein,Marion Boyars Publishers,1948
The Phantom Tollbooth,Norton Juster,Mark Batty Publisher,1953
Island of the Blue Dolphins,Scott O'Dell,Marshall Cavendish,1957
The No. 1 Ladies º Detective Agency,Alexander McCall Smith,Marshall Pickering,1985
The Shipping News,E. Annie Proulx,Martinus Nijhoff Publishers,1985
The Cat in the Hat,Dr. Seuss,Matthias Media,1964
The Call of the Wild,Jack London,McClelland and Stewart,1974
"So Long, and Thanks for All the Fish",Douglas Adams,1951
The Omnivore's Dilemma: A Natural History of Four Meals,Michael Pollan,McGraw-Hill Education,1955
Dune Messiah,Frank Herbert,McGraw Hill Financial,1934
The Strange Case of Dr. Jekyll and Mr. Hyde,Robert Louis Stevenson,Medknow Publications,1918
The Light Fantastic,Terry Pratchett,Melbourne University Publishing,1972
She's Come Undone,Wally Lamb,Mercier Press,1992
The Vampire Lestat,Anne Rice,Methuen Publishing,1960
The Remains of the Day,Kazuo Ishiguro,Michael Joseph,1911
Cold Mountain,Charles Frazier,Michael O'Mara Books,1996
Fast Food Nation,Eric Schlosser,Michigan State University Press,1949
Naked,David Sedaris,Microsoft Press,2010
Salem's Lot,Stephen King,The Miegunyah Press,2006
The World is Flat: A Brief History of the Twenty-First Century,Thomas L. Friedman,Miles Kelly Publishing,1959
Dirk Gently's Holistic Detective Agency,Douglas Adams,Mills & Boon,1944
Reading Lolita in Tehran,Azar Nafisi,Minerva Press,2017
As I Lay Dying,William Faulkner,Mirage Publishing (UK),1914
The Reader,Bernhard Schlink,MIT Press,2000
White Teeth,Zadie Smith,Mkuki na Nyota,1995
Vanity Fair,William Makepeace Thackeray,Modern Library,2014
Peter Pan,J. M. Barrie,Morgan James Publishing,2019
Outliers: The Story of Success,Malcolm Gladwell,Mother Tongue Publishing,2000
Three Cups of Tea: One Man's Mission to Promote Peace ... One School at a Time,Greg Mortenson,Mycroft & Moran,1971
Midnight's Children,Salman Rushdie,Myriad Editions,2010
Uncle Tom's Cabin,Harriet Beecher Stowe,Naiad Press,1954
The Name of the Wind,Patrick Rothfuss,Nauka,1966
The Titan's Curse,Rick Riordan,NavPress,2007
Bel Canto,Ann Patchett,New American Library,1931
Speak,Laurie Halse Anderson,New Beacon Books,1944
World War Z: An Oral History of the Zombie War,Max Brooks,New Directions Publishing,2016
Possession: A Romance,A. S. Byatt,New English Library,1926
Equal Rites,Terry Pratchett,New Holland Publishers,2000
"20,000 Leagues Under the Sea",Jules Verne,1960
Midnight in the Garden of Good and Evil,John Berendt,Newnes,1928
A Wizard of Earthsea,Ursula K. Le Guin,No Starch Press,1919
"G√∂del, Escher, Bach: An Eternal Golden Braid",1988
Choke,Chuck Palahniuk,Noontide Press,1947
The Crucible,Arthur Miller,Northwestern University Press,1975
Snow Falling on Cedars: A Novel,David Guterson,NRC Research Press,1908
Goodnight Moon,Margaret Wise Brown,NYRB Classics,1964
The House of the Spirits,Isabel Allende,Oberon Books,1907
Guards! Guards!,Terry Pratchett,Open Court Publishing Company,1948
A People's History of the United States,Howard Zinn,Open University Press,1938
The Hours,Michael Cunningham,Orchard Books,1929
Into Thin Air: A Personal Account of the Mt. Everest Disaster,Jon Krakauer,O'Reilly Media,1963
The Good Earth,Pearl S. Buck,Orion Books,1953
King Lear,William Shakespeare,Orion Publishing Group,1954
American Psycho,Bret Easton Ellis,Osprey Publishing,1981
The Shack,William P. Young,Other Press,1923
"I, Robot",Isaac Asimov,1963
Timeline,Michael Crichton,Oxford University Press (UK),1972
Uglies,Scott Westerfeld,Packt Publishing,2019
Storm Front,Jim Butcher,Palgrave Macmillan,1925
Hatchet,Gary Paulsen,Pan Books,2019
Flowers for Algernon,Daniel Keyes,Pantheon Books at Random House,1950
Lady Chatterley's Lover,D. H. Lawrence,Papadakis Publisher,1912
The Waste Lands,Stephen King,Parachute Publishing,1906
Brisingr,Christopher Paolini,Parragon,1914
House of Leaves,Mark Z. Danielewski,Pathfinder Press,2012
The Namesake,Jhumpa Lahiri,Paulist Press,1925
Around the World in Eighty Days,Jules Verne,Pavilion Books,1996
The Battle Of The Labyrinth,Rick Riordan,Peace Hill Press,1921
The Virgin Suicides,Jeffrey Eugenides,Pecan Grove Press,1971
Misery,Stephen King,Pen and Sword Books,1940
Steppenwolf,Hermann Hesse,Penguin Books UK,1960
The Age of Innocence,Edith Wharton,Penguin Random House UK,1906
Room,Emma Donoghue,Penguin Putnam Inc. (USA),2018
My √?ntonia,Willa Cather,Penn State University Press,1991
The Left Hand of Darkness,Ursula K. Le Guin,Persephone Books,1981
Bleak House,Charles Dickens,Perseus Books Group,1985
Antigone / Oedipus at Colonus / Oedipus Rex,Sophocles,Peter Lang,1993
The Long Dark Tea-Time of the Soul,Douglas Adams,Peter Owen Publishers,1974
The Clan of the Cave Bear,Jean M. Auel,Phaidon Press,1986
Black Beauty,Anna Sewell,Philosophy Documentation Center,1913
A Dance With Dragons,George R. R. Martin,Philtrum Press,1951
The Cider House Rules,John Irving,Picador UK,1920
The Brief Wondrous Life of Oscar Wao,Junot Diaz,Pimlico Books at Random House,1990
The Devil Wears Prada,Lauren Weisberger,Playwrights Canada Press,1920
On the Origin of Species,Charles Darwin,Pluto Press,1986
The Communist Manifesto,Karl Marx,Point Blank,1959
Children of Dune,Frank Herbert,Poisoned Pen Press,1939
The Things They Carried,Tim O'Brien,Policy Press,1939
Carrie,Stephen King,Polity,2001
The Hound of the Baskervilles,Sir Arthur Conan Doyle,Practical Action,1914
The Great Hunt,Robert Jordan,Prentice Hall,1913
From the Mixed-Up Files of Mrs. Basil E. Frankweiler,E. L. Konigsburg,Prime Books,2005
The Prophet,Kahlil Gibran,Princeton University Press,1975
Wizard And Glass,Stephen King,Profile Books,1986
The Purpose Driven Life,Rick Warren,Progress Publishers,1979
Collapse: How Societies Choose to Fail or Succeed,Jared Diamond,Prometheus Books,1953
Nine Stories,J. D. Salinger,Puffin Books,1907
Mostly Harmless,Douglas Adams,Que Publishing,1958
A Little Princess,Frances Hodgson Burnett,Quebecor,1941
John Adams,David McCullough,Quirk Books,1962
Dragonfly in Amber,Diana Gabaldon,Random House,1937
One For The Money,Janet Evanovich,Reed Elsevier,1901
A Separate Peace,John Knowles,Reed Publishing - previously A.H. & A.W. Reed,1907
Blindness,Jos√© Saramago,Remington & Co,1968
Tender is the Night,F. Scott Fitzgerald,Riverhead Books,2011
Waiting for Godot,Samuel Beckett,Robert Hale Publishing,1943
2001: A Space Odyssey,Arthur C. Clarke,Robson Books,2011
Snow Flower and the Secret Fan: A Novel,Lisa See,Rock Scorpion Books,1937
The Reptile Room,Lemony Snicket,Rodopi,1917
Wyrd Sisters,Terry Pratchett,Routledge Kegan Paul,1904
Foundation and Empire,Isaac Asimov,Rowman & Littlefield,1962
A Passage to India,E. M. Forster,Royal Society of Chemistry,2019
Walden,Henry David Thoreau,Russell Square Publishing,1991
One Day in the Life of Ivan Denisovich,Alexander Solzhenitsyn,SAGE Publications,1987
Interpreter of Maladies,Jhumpa Lahiri,St. Martin's Press,1988
The Night Circus,Erin Morgenstern,Salt Publishing,1908
I Know Why the Caged Bird Sings,Maya Angelou,Sams Publishing,1917
White Oleander,Janet Fitch,Samuel French theater/script publishers,1956
Living Dead In Dallas,Charlaine Harris,Schocken Books,1907
Like Water for Chocolate,Laura Esquivel,Scholastic Press,1968
The Witches,Roald Dahl,Scribner (UK),2016
Mythology,Edith Hamilton,Seagull Books,1975
A Time to Kill,John Grisham,Secker & Warburg,1947
The Boy in the Striped Pajamas,John Boyne,Serif,1962
The Queen of the Damned (Vampire Chronicles),Anne Rice,Shambhala Publications,2002
Xenocide,Orson Scott Card,Shire Books,1916
Pet Sematary,Stephen King,Shoemaker & Hoard Publishers,1955
Brideshead Revisited,Evelyn Waugh,Shuter & Shooter Publishers,1924
The Woman In White,Wilkie Collins,Sidgwick & Jackson,1981
Ender's Shadow,Orson Scott Card,Signet Books,1917
The Diamond Age,Neal Stephenson,Simon & Schuster,1922
If on a Winter's Night a Traveler,Italo Calvino,Sinclair-Stevenson Ltd,1986
Little House in the Big Woods,Laura Ingalls Wilder,Sounds True,2001
The Tempest,William Shakespeare,Sourcebooks,1966
Infinite Jest,David Foster Wallace,South End Press,1948
The Hunchback of Notre Dame,Victor Hugo,SPCK,1945
Small Gods,Terry Pratchett,Spinsters Ink,1922
Divine Secrets of the Ya-Ya Sisterhood: A Novel,Rebecca Wells,Springer Science ,1943
The Firm,John Grisham,Stanford University Press,1983
Miss Peregrine's Home For Peculiar Children,Ransom Riggs,The Stationery Office,1955
Thus Spoke Zarathustra,Friedrich Nietzsche,Stein and Day,1911
"The Surgeon of Crowthorne : A Tale of Murder, Madness and the Love of Words",Simon Winchester,1946
Ella Enchanted,Gail Carson Levine,Summit Media,1917
The Sandman: Preludes and Nocturnes,Neil Gaiman,SUNY Press,1993
World Without End,Ken Follett,Sylvan Dell Publishing,1991
The Last Olympian,Rick Riordan,T & T Clark,1931
Marley & Me,John Grogan,Tachyon Publications,1946
The Pearl,John Steinbeck,"Tammi,2006
Murder on the Orient Express,Agatha Christie,Target Books,1953
Little House on the Prairie,Laura Ingalls Wilder,Tarpaulin Sky Press,1972
The English Patient,Michael Ondaatje,Tartarus Press,1923
Going Postal,Terry Pratchett,Tate Publishing & Enterprises,1933
Tuck Everlasting,Natalie Babbitt,Taunton Press,1900
Starship Troopers,Robert A. Heinlein,Taylor & Francis,1918
The Satanic Verses,Salman Rushdie,Ten Speed Press,1992
The Dragon Reborn,Robert Jordan,Thames & Hudson (UK),2003
Saturday,Ian McEwan,Thames & Hudson USA,2010
1776,David McCullough,Thieme Medical Publishers,1942
Nickel and Dimed,Barbara Ehrenreich,Third World Press,1976
The Silence Of The Lambs,Thomas Harris,Thomas Nelson,1910
Metamorphoses,Ovid,Ticonderoga Publications,1991
The Elegance of the Hedgehog,Muriel Barbery,Time Inc.,1912
Wolf Hall,Hilary Mantel,Times Books,2011
The Bluest Eye,Toni Morrison,Titan Books,1985
A Wind in the Door,Madeleine L'Engle,Top Shelf Productions,1981
Naked Lunch,William S. Burroughs,Tor Books,2011
Second Foundation,Isaac Asimov,Triangle Books,1912
Confessions of a Shopaholic,Sophie Kinsella,Troubador Press,1975
Journey to the Center of the Earth,Jules Verne,Tupelo Press,1958
Getting Things Done: The Art of Stress-Free Productivity,David Allen,Tuttle Publishing,1958
Nineteen Minutes,Jodi Picoult,Twelveheads Press,1956
Night Watch,Terry Pratchett,Two Dollar Radio,1952
The Man in the High Castle,Philip K. Dick,UCL Press,1994
Cell,Stephen King,United States Government Publishing Office,1925
The Adventures of Sherlock Holmes,Sir Arthur Conan Doyle,Universal Publishers (United States),1973
Reaper Man,Terry Pratchett,University of Akron Press,1966
Complete Stories and Poems of Edgar Allan Poe,Edgar Allan Poe,University of Alaska Press,1928
Alias Grace,Margaret Atwood,University of British Columbia Press,1967
Disgrace,J. M. Coetzee,University of California Press,1930
Paradise Lost,John Milton,University of Chicago Press,1953
I Know This Much is True,Wally Lamb,University of Michigan Press,1925
About a Boy,Nick Hornby,University of Minnesota Press,1957
"Lamb: The Gospel According to Biff, Christ's Childhood Pal",Christopher Moore,1963
The Complete Fairy Tales of the Brothers Grimm,Jacob Grimm,University of Pennsylvania Press,2016
The Crying of Lot 49,Thomas Pynchon,University of South Carolina Press,1901
A Swiftly Tilting Planet,Madeleine L'Engle,University of Toronto Press,2000
Ivanhoe,Sir Walter Scott,University of Wales Press,1951
Paper Towns,John Green,University Press of America,1963
Hogfather,Terry Pratchett,University Press of Kansas,1968
Club Dead,Charlaine Harris,University Press of Kentucky,1978
The Immortal Life of Henrietta Lacks,Rebecca Skloot,Usborne Publishing,1974
The Pelican Brief,John Grisham,Valancourt Books,1976
Sarah's Key,Tatiana de Rosnay,Velazquez Press,2015
Notes from Underground,Fyodor Dostoevsky,Verso Books,1946
The Green Mile,Stephen King,Victor Gollancz Ltd,1974
The Sisterhood of the Traveling Pants,Ann Brashares,Viking Press,1959
"The Tale of Despereaux: Being the Story of a Mouse, a Princess, Some Soup and a Spool of Thread",1974
Wolves Of The Calla,Stephen King,Vintage Books at Random House (UK),1913
Death of a Salesman,Arthur Miller,Virago Press,2009
Where the Red Fern Grows,Wilson Rawls,Virgin Publishing,2015
Jonathan Livingston Seagull,Richard Bach,Voyager Books,1978
The Shadow Rising,Robert Jordan,W. H. Allen Ltd,1979
A Million Little Pieces,James Frey,W. W. Norton & Company,1936
The Arctic Incident,Eoin Colfer,Walter de Gruyter,1988
Pyramids,Terry Pratchett,Ward Lock & Co,1962
A Canticle for Leibowitz,Walter M. Miller Jr.,WBusiness Books,1995
Sourcery,Terry Pratchett,Weidenfeld & Nicolson,1977
The Wide Window,Lemony Snicket,Wesleyan University Press,2000
Because of Winn-Dixie,Kate DiCamillo,WestBow Press,1954
Voyager,Diana Gabaldon,Westminster John Knox Press,1931
A Room of One's Own,Virginia Woolf,Wildside Press,1982
The Last of the Mohicans,James Fenimore Cooper,William Edwin Rudge,1983
Smoke and Mirrors,Neil Gaiman,Windgate Press,1942
Stranger in a Strange Land,Robert A. Heinlein,Wipf and Stock,1927
The Yiddish Policemen's Union,Michael Chabon,Wisdom Publications,1991
White Noise,Don DeLillo,Witherby Seamanship,1982
Man's Search for Meaning,Viktor E. Frankl,Woodhead Publishing,1995
Winnie-the-Pooh,A. A. Milne,Wordfarm,1992
If You Give a Mouse a Cookie,Laura Joffe Numeroff,Workman Publishing,1988
Gravity's Rainbow,Thomas Pynchon,World Publishing Company,2011
Utopia,Thomas More,World Scientific Publishing,1952
A Room with a View,E. M. Forster,Wrecking Ball Press,1971
"Alexander and the Terrible, Horrible, No Good,1973
The Epic of Gilgamesh,Anonymous,"WSOY,1942
The Jungle,Upton Sinclair,Jaico Publishing House,1996
The Portrait of a Lady,Henry James,Jarrolds Publishing,1973
The Hunt for Red October,Tom Clancy,John Lane,1903
A Great and Terrible Beauty,Libba Bray,John Murray,1931
No Country for Old Men,Cormac McCarthy,John Wiley & Sons (Wiley),1942
Dead To The World,Charlaine Harris,Jones and Bartlett Learning,1914
The Bean Trees,Barbara Kingsolver,Wiley,1994
Julius Caesar,William Shakespeare,Karadi Tales,1979
The Client,John Grisham,Kensington Books,1956
The Selfish Gene,Richard Dawkins,Kessinger Publishing,1968
City of Ashes,Cassandra Clare,Kluwer Academic Publishers,1975
Stuart Little,E. B. White,Kodansha,1930
"One fish, two fish, red fish,1997
The Phantom of the Opera,Gaston Leroux,Koren Publishers Jerusalem,1932
Thud!,Terry Pratchett,KTAV Publishing House,1939
The Neverending Story,Michael Ende,Kumarian Press,1985
Anthem,Ayn Rand,Perseus Books Group,1969
Assassin's Apprentice,Robin Hobb,Peter Lang,1949
The Fires of Heaven,Robert Jordan,Peter Owen Publishers,1930
Suite Fran√ßaise,Ir√®ne N√©mirovsky,Phaidon Press,2012
Harry Potter Box Set(Books 1-7),J. K. Rowling,Philosophy Documentation Center,1991
Lost in a Good Book,Jasper Fforde,Philtrum Press,1971
Bag of Bones,Stephen King,Picador UK,1984
Fantastic Beasts and Where to Find Them,J. K. Rowling,Pimlico Books at Random House,1935
Stiff: The Curious Lives of Human Cadavers,Mary Roach,Playwrights Canada Press,2005
Wizard's First Rule,Terry Goodkind,Pluto Press,1982
Gilead,Marilynne Robinson,Point Blank,1926
The Man Who Mistook His Wife for a Hat and Other Clinical Tales,Oliver Sacks,Poisoned Pen Press,1966
The Velveteen Rabbit,Margery Williams,Policy Press,1931
Insurgent,Veronica Roth,Polity,1927
Pride and Prejudice and Zombies,Seth Grahame-Smith,Practical Action,1935
How to Win Friends and Influence People,Dale Carnegie,Prentice Hall,1904
The Wee Free Men,Terry Pratchett,Prime Books,1925
The Heart Is a Lonely Hunter,Carson McCullers,Princeton University Press,1988
The Maze Runner,James Dashner,Profile Books,1918
Men at Arms,Terry Pratchett,Progress Publishers,1996
Song Of Susannah,Stephen King,Prometheus Books,1925
Diary of a Wimpy Kid,Jeff Kinney,Puffin Books,1937
A Light in the Attic,Shel Silverstein,Que Publishing,1928
The Dark Tower,Stephen King,Quebecor,1907
The Godfather,Mario Puzo,Quirk Books,1986
Lord of Chaos,Robert Jordan,Random House,1956
Under The Dome,Stephen King,Reed Elsevier,1946
Notes from a Small Island,Bill Bryson,Reed Publishing - previously A.H. & A.W. Reed,1988
Soul Music,Terry Pratchett,Remington & Co,1995
The Rainmaker,John Grisham,Riverhead Books,2015
The Eternity Code,Eoin Colfer,Robert Hale Publishing,2015
The Complete Sherlock Holmes,Arthur Conan Doyle,Robson Books,1940
People of the Book,Geraldine Brooks,Rock Scorpion Books,1933
A Connecticut Yankee in King Arthur's Court,Mark Twain,Rodopi,1944
The Testament,John Grisham,Routledge Kegan Paul,1944
The Sirens of Titan,"Kurt Vonnegut, Jr.",1941
The Runaway Jury,John Grisham,Royal Society of Chemistry,1928
Doctor Zhivago,Boris Pasternak,Russell Square Publishing,1949
All the Pretty Horses,Cormac McCarthy,SAGE Publications,1985
The New York Trilogy,Paul Auster,St. Martin's Press,1903
Sabriel,Garth Nix,Salt Publishing,1979
Silas Marner,George Eliot,Sams Publishing,2004
The Moon is a Harsh Mistress,Robert A. Heinlein,Samuel French theater/script publishers,1995
V for Vendetta,Alan Moore,Schocken Books,1968
The Fifth Elephant,Terry Pratchett,Scholastic Press,1952
Far from the Madding Crowd,Thomas Hardy,Scribner (UK),1964
On Beauty,Zadie Smith,Seagull Books,2003
Something Wicked This Way Comes,Ray Bradbury,Secker & Warburg,1948
Thief of Time,Terry Pratchett,Serif,1938
Heidi,Johanna Spyri,Shambhala Publications,1907
God Emperor of Dune,Frank Herbert,Shire Books,1908
Feet of Clay,Terry Pratchett,Shoemaker & Hoard Publishers,1916
The History of Love: A Novel,Nicole Krauss,Shuter & Shooter Publishers,1931
"Oh, the Places You'll Go!",Dr. Seuss,2006
Hard Times,Charles Dickens,Signet Books,2005
A Long Way Down,Nick Hornby,Simon & Schuster,1927
The Absolutely True Diary of a Part-Time Indian,Sherman Alexie,Sinclair-Stevenson Ltd,1967
Dead As A Doornail,Charlaine Harris,Sounds True,1926
Witches Abroad,Terry Pratchett,Sourcebooks,1938
Drums of Autumn,Diana Gabaldon,South End Press,1956
Prey,Michael Crichton,SPCK,1992
Jude the Obscure,Thomas Hardy,Spinsters Ink,2014
Blood Meridian or the Evening Redness in the West,Cormac McCarthy,Springer Science ,1922
Quicksilver,Neal Stephenson,Stanford University Press,1984
Insomnia,Stephen King,The Stationery Office,1973
The Merchant of Venice,William Shakespeare,Stein and Day,2009
The Moonstone,Wilkie Collins,Summerwild Productions,1927
Needful Things,Stephen King,Summit Media,1990
Anne of Avonlea,L. M. Montgomery,SUNY Press,1981
Hyperion,Dan Simmons,Sylvan Dell Publishing,1924
A Crown of Swords,Robert Jordan,T & T Clark,1942
Redwall,Brian Jacques,Tachyon Publications,1933
The Eyes of the Dragon,Stephen King,"Tammi,2009
Prodigal Summer,Barbara Kingsolver,Target Books,1942
Swann's Way,Marcel Proust,Tarpaulin Sky Press,1926
The Histories,Herodotus,Tartarus Press,1976
Survivor,Chuck Palahniuk,Tate Publishing & Enterprises,1983
The Bourne Identity,Robert Ludlum,Taunton Press,1919
Song of Solomon,Toni Morrison,Taylor & Francis,1931
The Importance of Being Earnest,Oscar Wilde,Ten Speed Press,2012
Pattern Recognition,William Gibson,Thames & Hudson (UK),1951
Inkspell,Cornelia Funke,Thames & Hudson USA,1951
Leaves of Grass,Walt Whitman,Thieme Medical Publishers,2005
The Witching Hour,Anne Rice,Third World Press,1945
Lords and Ladies,Terry Pratchett,Thomas Nelson,1969
The Miserable Mill,Lemony Snicket,Ticonderoga Publications,1980
Fragile Things: Short Fictions and Wonders,Neil Gaiman,Time Inc.,1929
The White Tiger,Aravind Adiga,Times Books,2005
The Great Divorce,C. S. Lewis,Titan Books,1905
Fool Moon,Jim Butcher,Top Shelf Productions,1975
The Ocean at the End of the Lane,Neil Gaiman,Tor Books,1975
Corduroy,Don Freeman,Triangle Books,1929
Definitely Dead,Charlaine Harris,Troubador Press,1916
Sphere,Michael Crichton,Tupelo Press,2012
Hard-Boiled Wonderland and the End of the World,Haruki Murakami,Tuttle Publishing,1947
Empire Falls,Richard Russo,Twelveheads Press,1967
The Lost World,Michael Crichton,Two Dollar Radio,1926
Moving Pictures,Terry Pratchett,UCL Press,1974
Perdido Street Station,China Mi√©ville,United States Government Publishing Office,2013
Bridget Jones: The Edge of Reason,Helen Fielding,Universal Publishers (United States),1971
A Walk to Remember,Nicholas Sparks,University of Akron Press,1957
Quidditch Through the Ages,J. K. Rowling,University of Alaska Press,1911
Out of the Silent Planet,C. S. Lewis,University of British Columbia Press,1947
The Year of Magical Thinking,Joan Didion,University of California Press,1972
A Fine Balance,Rohinton Mistry,University of Chicago Press,1955
Ringworld,Larry Niven,University of Michigan Press,1940
The Westing Game,Ellen Raskin,University of Minnesota Press,1998
The Talisman,Stephen King,University of Nebraska Press,2015
Sons and Lovers,D. H. Lawrence,University of Pennsylvania Press,1910
When You Are Engulfed in Flames,David Sedaris,University of South Carolina Press,1944
Cat's Eye,Margaret Atwood,University of Toronto Press,1983
11/22/1963,Stephen King,University of Wales Press,2017
The Andromeda Strain,Michael Crichton,University Press of America,1938
Thirteen Reasons Why,Jay Asher,University Press of Kansas,1995
"Brown Bear, Brown Bear, What Do You See?",1908
In a Sunburned Country,Bill Bryson,Usborne Publishing,2005
Maus I: A Survivor's Tale: My Father Bleeds History,Art Spiegelman,Valancourt Books,1993
Orlando,Virginia Woolf,Velazquez Press,1915
The Path of Daggers,Robert Jordan,Verso Books,2001
Jingo,Terry Pratchett,Victor Gollancz Ltd,1962
The Partner,John Grisham,Viking Press,2019
The Invention of Hugo Cabret,Brian Selznick,Vintage Books (US),2015
Monstrous Regiment,Terry Pratchett,Vintage Books at Random House (UK),1992
Lullaby,Chuck Palahniuk,Virago Press,1962
Howl's Moving Castle,Diana Wynne Jones,Virgin Publishing,1953
Freedom,Jonathan Franzen,Voyager Books,1935
White Fang,Jack London,W. H. Allen Ltd,1934
The Big Sleep,Raymond Chandler,W. W. Norton & Company,1983
Hannibal,Thomas Harris,Walter de Gruyter,1977
A Widow for One Year,John Irving,Ward Lock & Co,1955
Foundation's Edge,Isaac Asimov,WBusiness Books,2018
Kitchen Confidential: Adventures in the Culinary Underbelly,Anthony Bourdain,Weidenfeld & Nicolson,1929
Guilty Pleasures,Laurell K. Hamilton,Wesleyan University Press,1923
Carpe Jugulum,Terry Pratchett,WestBow Press,2015
The Girl On The Train,Paul A. Hawkins,Westminster John Knox Press,2011
Cannery Row,John Steinbeck,Wildside Press,1909
The Martian,Andy Weir,William Edwin Rudge,1915
City of Glass,Cassandra Clare,Windgate Press,2004
The Nanny Diaries,Emma McLaughlin,Wipf and Stock,1956
The Audacity of Hope: Thoughts on Reclaiming the American Dream,Barack Obama,Wisdom Publications,1975
The City of Ember,Jeanne DuPrau,Witherby Seamanship,1931
The Children of H√∫rin,J. R. R. Tolkien,Woodhead Publishing,1930
Breakfast at Tiffany's: A Short Novel and Three Stories,Truman Capote,Wordfarm,1944
Cutting for Stone,Abraham Verghese,Workman Publishing,1912
An Abundance of Katherines,John Green,World Publishing Company,1990
The House of Mirth,Edith Wharton,World Scientific Publishing,2006
Nausea,Jean-Paul Sartre,Wrecking Ball Press,2018
Stargirl,Jerry Spinelli,Wrox Press,1976
Maskerade,Terry Pratchett,"WSOY,2002
The Snowy Day,Ezra Jack Keats,Jaico Publishing House,1979
Twelfth Night,William Shakespeare,Jarrolds Publishing,1959
"Surely you're joking, Mr. Feynman! : adventures of a curious character",Richard Feynman,2007
Bird by Bird: Some Instructions on Writing and Life,Anne Lamott,Houghton Mifflin,1908
Red Dragon,Thomas Harris,House of Anansi Press,1994
Chicka Chicka Boom Boom,Bill Jr. Martin,The House of Murky Depths (UK),1968
The Austere Academy,Lemony Snicket,Howell-North Books,2008
Stranger in a Strange Land (Uncut Edition),Robert A. Heinlein,Huffington Post,1995
"Unbroken: A World War II Story of Survival, Resilience, and Redemption",1953
Ethan Frome,Edith Wharton,Hutchinson,1997
The Goldfinch,Donna Tartt,Hyperion,1942
Graceling,Kristin Cashore,Balbharati,1904
The Story of Edgar Sawtelle,David Wroblewski,Ian Allan Publishing,1984
Childhood's End,Arthur C. Clarke,IGI Global[1],1996
The Street Lawyer,John Grisham,Ignatius Press,1955
The Dead Zone,Stephen King,Imperial War Museum,1959
A Painted House,John Grisham,Riverhead Books,2002
The Pact,Jodi Picoult,Robert Hale Publishing,2003
The Bonfire of the Vanities,Tom Wolfe,Robson Books,1993
The Red Badge of Courage,Stephen Crane,Rock Scorpion Books,2019
Winter's Heart,Robert Jordan,Rodopi,1993
Persepolis: The Story of a Childhood,Marjane Satrapi,Routledge Kegan Paul,1994
The Well of Lost Plots,Jasper Fforde,Rowman & Littlefield,1922
The Name of the Rose / Postscript to The Name of the Rose,Umberto Eco,Royal Society of Chemistry,2009
Pretties,Scott Westerfeld,Russell Square Publishing,1923
Confessions of an Ugly Stepsister,Gregory Maguire,SAGE Publications,1960
The Tale of the Body Thief,Anne Rice,St. Martin's Press,1983
On Chesil Beach,Ian McEwan,Salt Publishing,1927
Marked,P. C. Cast,Sams Publishing,1931
Rendezvous With Rama,Arthur C. Clarke,Samuel French theater/script publishers,1978
Ready Player One,Ernest Cline,Schocken Books,2005
All Together Dead,Charlaine Harris,Scholastic Press,1925
Dreams from My Father: A Story of Race and Inheritance,Barack Obama,Scribner (UK),1912
Orestia,Aeschylus,Seagull Books,2002
The Invisible Man,H. G. Wells,Secker & Warburg,1974
Children of the Mind,Orson Scott Card,Serif,1910
The Rule of Four,Ian Caldwell,Shambhala Publications,1900
The Broker,John Grisham,Shire Books,1969
Everything's Eventual,Stephen King,Shoemaker & Hoard Publishers,2000
Two for the Dough,Janet Evanovich,Shuter & Shooter Publishers,1948
"The Elegant Universe: Superstrings, Hidden Dimensions, and the Quest for the Ultimate Theory",1950
The Awakening,Kate Chopin,Signet Books,1931
Flatland: A Romance of Many Dimensions,Edwin A. Abbott,Simon & Schuster,1901
The Fiery Cross,Diana Gabaldon,Sinclair-Stevenson Ltd,1900
Much Ado About Nothing,William Shakespeare,Sounds True,1900
Light in August,William Faulkner,Sourcebooks,1988
Desperation,Stephen King,South End Press,1922
The Brethren,John Grisham,SPCK,1940
How to Be Good,Nick Hornby,Spinsters Ink,1971
Invisible Monsters,Chuck Palahniuk,Springer Science ,1969
The Metamorphosis,Franz Kafka,Stanford University Press,1970
I Capture the Castle,Dodie Smith,The Stationery Office,1992
Year of Wonders,Geraldine Brooks,Stein and Day,2005
The Alienist,Caleb Carr,Summerwild Productions,1976
The Plot Against America,Philip Roth,Summit Media,1953
Unfinished Tales of N√∫menor and Middle-earth,J. R. R. Tolkien,SUNY Press,1964
The Last Lecture,Randy Pausch,Sylvan Dell Publishing,1970
The Witch of Blackbird Pond,Elizabeth George Speare,T & T Clark,1966
The Tale of Peter Rabbit,Beatrix Potter,Tachyon Publications,1996
Cujo,Stephen King,"Tammi,2019
"Cry, the Beloved Country",Alan Paton,1962
Fifty Shades of Grey,E. L. James,Tarpaulin Sky Press,1994
Daughter of Fortune,Isabel Allende,Tartarus Press,2019
The Art of Racing in the Rain,Garth Stein,Tate Publishing & Enterprises,2012
Under the Banner of Heaven: A Story of Violent Faith,Jon Krakauer,Taunton Press,1961
Olive Kitteridge,Elizabeth Strout,Taylor & Francis,1932
Master and Commander,Patrick O'Brian,Ten Speed Press,1914
All the Light We Cannot See,Anthony Doerr,Thames & Hudson (UK),1974
The Ersatz Elevator,Lemony Snicket,Thames & Hudson USA,1919
Dreamcatcher,Stephen King,Thieme Medical Publishers,1977
The Decameron,Giovanni Boccaccio,Third World Press,1962
The Opal Deception,Eoin Colfer,SAGE Publications,1963
Memnoch the Devil,Anne Rice,St. Martin's Press,1983
"I, Claudius",Robert Graves,1980
Kidnapped,Robert Louis Stevenson,Sams Publishing,1940
Team of Rivals: The Political Genius of Abraham Lincoln,Doris Kearns Goodwin,Samuel French theater/script publishers,1993
Firestarter,Stephen King,Schocken Books,1990
A Moveable Feast,Ernest Hemingway,Scholastic Press,1923
This Side of Paradise,F. Scott Fitzgerald,Scribner (UK),1963
State of Fear,Michael Crichton,Seagull Books,1942
Dragonflight,Anne McCaffrey,Secker & Warburg,1987
Tropic of Cancer,Henry Miller,Serif,2005
The Amulet of Samarkand,Jonathan Stroud,Shambhala Publications,1931
The Red and the Black,Stendhal,Shire Books,1968
Odd Thomas,Dean Koontz,Shoemaker & Hoard Publishers,1942
The Last Continent,Terry Pratchett,Shuter & Shooter Publishers,1997
Son of a Witch,Gregory Maguire,Sidgwick & Jackson,1967
Meditations,Marcus Aurelius,Signet Books,1946
Eric,Terry Pratchett,Simon & Schuster,1992
The Dispossessed,Ursula K. Le Guin,Sinclair-Stevenson Ltd,1992
The House on Mango Street,Sandra Cisneros,Sounds True,1933
The Girl Who Loved Tom Gordon,Stephen King,Sourcebooks,1942
The Forever War,Joe Haldeman,A. C. McClurg,1995
The Tommyknockers,Stephen King,A. S. Barnes,1910
Crossroads of Twilight,Robert Jordan,Abilene Christian University Press,1977
The Magic Mountain,Thomas Mann,Ablex Publishing,1945
The Pilot's Wife,Anita Shreve,Academic Press,1924
Go Ask Alice,Beatrice Sparks,Ace Books,1996
Nicomachean Ethics,Aristotle,Addison Wesley,1994
The Chamber,John Grisham,Adis International,1994
Anne of the Island,L. M. Montgomery,Airiti Press,1902
America (The Book): A Citizen's Guide to Democracy Inaction,Jon Stewart,Akashic Books,1990
The Thief Lord,Cornelia Funke,Aladdin Paperbacks,1916
From Dead To Worse,Charlaine Harris,Alfred A. Knopf,1962
Beyond Good and Evil: Prelude to a Philosophy of the Future,Friedrich Nietzsche,Allen & Unwin,1936
The Maltese Falcon,Dashiell Hammett,Allison and Busby,1948
"Roll of Thunder, Hear My Cry",Mildred D. Taylor,1952
Lord Jim,Joseph Conrad,American Graphics Institute,1971
The Truth,Terry Pratchett,Andr√© Deutsch,1993
Chronicle of a Death Foretold,Gabriel Garcia Marquez,Andrews McMeel Publishing,1905
Different Seasons,Stephen King,Anova Books ,1905
The Valley of Horses,Jean M. Auel,Anvil Press Poetry,1965
The Tao of Pooh,Benjamin Hoff,Applewood Books,1978
The Sandman: The Doll's House,Neil Gaiman,Apress,1923
Howards End,E. M. Forster,Arbor House,1981
Mrs. Frisby and the Rats of NIMH,Robert C. O'Brien,Arbordale Publishing,1998
Interesting Times,Terry Pratchett,Arcade Publishing,1957
The Bhagavad Gita,Barbara Stoler Miller,Arcadia Publishing,1905
Dead Souls,Nikolai Gogol,Arkham House,1943
Grave Peril,Jim Butcher,Armida Publications,1991
Captain Corelli's Mandolin,Louis De Berni√®res,ArtScroll,1934
The True Story of the Three Little Pigs,Jon Scieszka,Athabasca University Press,2005
Longitude: The True Story of a Lone Genius Who Solved the Greatest Scientific Problem of His Time,Dava Sobel,Atheneum Books,1909
"Tis, a Memoir",Frank McCourt,1917
The Passage,Justin Cronin,Atlantic Books,1960
Holidays on Ice: Stories,David Sedaris,Atlas Press,1991
Little Bee: A Novel,Chris Cleave,ATOM Books,1917
Wild Swans: Three Daughters of China,Jung Chang,Atria Publishing Group,2013
"A Child Called ""It""",Dave Pelzer,Augsburg Fortress,2019
Invisible Cities,Italo Calvino,Aunt Lute Books,1970
Making Money,Terry Pratchett,Austin Macauley Publishers,1945
The Killer Angels,Michael Shaara,Avon Publications,1946
Tales of a Fourth Grade Nothing,Judy Blume,Arihant Publishers,1941
The Bonesetter's Daughter,Amy Tan,B & W Publishing,1919
Contact,Carl Sagan,Baen Books,1936
Of Human Bondage,W. Somerset Maugham,Baker Book House,1925
A Breath of Snow and Ashes,Diana Gabaldon,Ballantine Books,1918
Fried Green Tomatoes at the Whistle Stop Cafe,Fannie Flagg,Banner of Truth Trust,1908
Night Shift,Stephen King,Bantam Books,1934
The Tombs of Atuan,Ursula K. Le Guin,Bantam Spectra,1940
The Federalist Papers,Alexander Hamilton,Barrie & Jenkins,1912
Charlie and the Great Glass Elevator,Roald Dahl,Basic Books,1934
Dr. Seuss's ABC: An Amazing Alphabet Book!,Dr. Seuss,BBC Books,1926
Are You My Mother?,P. D. Eastman,Beacon Publishing,1926
Shogun: A Novel of Japan,James Clavell,Belknap Press,1900
Chocolat,Joanne Harris,Bella Books,2019
The Hotel New Hampshire,John Irving,Bellevue Literary Press,1949
"Animal, Vegetable, Miracle: A Year of Food Life",1959
On the Banks of Plum Creek,Laura Ingalls Wilder,Berkley Books,1961
"Sarah, Plain and Tall",Patricia MacLachlan,1921
The Last Juror,John Grisham,Black Dog Publishing,2007
Underworld,Don DeLillo,Black Library,1951
The Angel's Game,Carlos Ruiz Zaf√≥n,Black Sparrow Books,1936
The Vile Village,Lemony Snicket,Blackie and Son Limited,1915
In the Woods,Tana French,Blackstaff Press,2008
Villette,Charlotte Bront√´,Blackwell Publishing,1961
Case Histories: A Novel,Kate Atkinson,Blake Publishing,1943
The Mill on the Floss,George Eliot,Bloodaxe Books,1937
The Pickwick Papers,Charles Dickens,Bloomsbury Publishing Plc,1913
Christine,Stephen King,Blue Ribbon Books,1914
The Dark Is Rising,Susan Cooper,Bobbs-Merrill Company,1990
Three to Get Deadly,Janet Evanovich,Bogle-L'Ouverture Publications,1942
The Hero with a Thousand Faces,Joseph Campbell,Book League of America,1987
God Is Not Great : How Religion Poisons Everything,Christopher Hitchens,Book Works,1922
The Imitation of Christ,Thomas √† Kempis,Booktrope,2014
The Summons,John Grisham,Borgo Press,1984
The Mammoth Hunters,Jean M. Auel,Boundless,1986
Walk Two Moons,Sharon Creech,Bowes & Bowes,1960
The Hostile Hospital,Lemony Snicket,Boydell & Brewer,1972
The King of Torts,John Grisham,Broadside Lotus Press,1975
Holy Bible: King James Version,American Bible Society,Breslov Research Institute,1961
The Mayor of Casterbridge,Thomas Hardy,Brill Publishers,1949
Bossypants,Tina Fey,Brimstone Press,1919
Haunted,Chuck Palahniuk,Broadview Press,2012
The Twits,Roald Dahl,Burns & Oates,1930
The Magicians,Lev Grossman,Butterworth-Heinemann,1917
The Autobiography of Malcolm X,Malcolm X,ABP Group,1938
Baudolino,Umberto Eco,Caister Academic Press UK,1956
Tom Jones,Henry Fielding,Cambridge University Press UK,1959
The Illustrated Man,Ray Bradbury,Candlewick Press,1966
Congo,Michael Crichton,Candy Jar Books,2011
Dead and Gone,Charlaine Harris,Canongate Books,1982
The Dante Club,Matthew Pearl,"Carcanet Press,1934
Trainspotting,Irvine Welsh,Carlton Books UK,1950
My Side of the Mountain,Jean Craighead George,Carlton Publishing Group UK,1942
Four to Score,Janet Evanovich,Carnegie Mellon University Press,1965
Perelandra,C. S. Lewis,Casemate Publishers,1904
Something Rotten,Jasper Fforde,Cassava Republic Press,2012
Fathers and Sons,Ivan Turgenev,Cassell,1969
A Hat Full of Sky,Terry Pratchett,Cengage Learning,1967
Miss Smilla's Feeling for Snow,Peter H√∏eg,Central European University Press,1938
A Wild Sheep Chase,Haruki Murakami,Century,1997
Anathem,Neal Stephenson,Chambers Harrap,1921
The Angel Experiment,James Patterson,Charles Scribner's Sons,1931
Rosencrantz and Guildenstern Are Dead,Tom Stoppard,Chatto and Windus,1971
Nightmares & Dreamscapes,Stephen King,Chick Publications,1960
Amsterdam,Ian McEwan,Chronicle Books,1907
Hearts In Atlantis,Stephen King,Churchill Livingstone,1948
The Robber Bride,Margaret Atwood,Cisco Press,1922
The Slippery Slope,Lemony Snicket,City Lights Publishers,1934
The House of the Seven Gables,Nathaniel Hawthorne,Cloverdale Corporation,1938
The Dark Half,Stephen King,Cold Spring Harbor Laboratory Press,1991
The Carnivorous Carnival,Lemony Snicket,Collector's Guide Publishing,1939
The Trumpet of the Swan,E. B. White,Collins,2012
Wintersmith,Terry Pratchett,Columbia University Press,1910
Who Moved My Cheese?,Spencer Johnson,Concordia Publishing House,1924
1st To Die,James Patterson,Constable & Co Ltd,1908
Love You Forever,Robert Munsch,Continuum International Publishing Group,2017
Diary,Chuck Palahniuk,Copper Canyon Press,2013
Gathering Blue,Lois Lowry,Cork University Press,1962
Maniac Magee,Jerry Spinelli,Cornell University Press,1959
Gal√°pagos,"Kurt Vonnegut, Jr.",1977
High Five,Janet Evanovich,Craftsman Book Company,1996
We Need To Talk About Kevin,Lionel Shriver,CRC Press,1942
Skeleton Crew,Stephen King,Cresset Press,1993
Matched,Ally Condie,Crocker & Brewster,2014
I'm a Stranger Here Myself: Notes on Returning to America After 20 Years Away,Bill Bryson,Crown Publishing Group,1930
Heretics of Dune,Frank Herbert,Jaypee Brothers,1946
Specials,Scott Westerfeld,D. Appleton & Company,1952
The Jungle Book,Rudyard Kipling,D. Reidel,1957
Knife of Dreams,Robert Jordan,Da Capo Press,1946
Kim,Rudyard Kipling,Daedalus Publishing,2014
Guess How Much I Love You,Sam McBratney,Dalkey Archive Press,2005
Royal Assassin,Robin Hobb,Darakwon Press,2000
Prelude to Foundation,Isaac Asimov,David & Charles,1995
"-5,777",,2016
Summer Knight,Jim Butcher,Dedalus Books,2007
Travels with Charley: In Search of America,John Steinbeck,Del Rey Books,1906
Fingersmith,Sarah Waters,Delacorte Press,1994
The Return of the Native,Thomas Hardy,Deseret Book,1937
Shadow of the Hegemon,Orson Scott Card,Dick and Fitzgerald,1987
Duma Key,Stephen King,Directmedia Publishing,1954
Lisey's Story,Stephen King,DNA Publications,1944
The Dharma Bums,Jack Kerouac,Dobson Books,1963
Quiet: The Power of Introverts in a World That Can't Stop Talking,Susan Cain,"Dodd,1995
Pawn of Prophecy,David Eddings,Dorchester Publishing,1908
The Casual Vacancy,J. K. Rowling,Dorling Kindersley,1946
American Pastoral,Philip Roth,Doubleday,2006
Pale Fire,Vladimir Nabokov,Douglas & McIntyre,1963
The Hobbit and The Lord of the Rings,J. R. R. Tolkien,Dove Medical Press,2010
The Mermaid Chair,Sue Monk Kidd,Dover Publications,1920
Wide Sargasso Sea,Jean Rhys,Dundurn Group,2006
The Mother Tongue,Bill Bryson,Gita Press,1991
Make Way for Ducklings,Robert McCloskey,E. P. Dutton,1908
"Girl, Interrupted",Susanna Kaysen,1961
Seven Up,Janet Evanovich,ECW Press,1933
Doomsday Book,Connie Willis,Eel Pie Publishing,1907
Hot Six,Janet Evanovich,Eerdmans Publishing,1988
The Black Swan: The Impact of the Highly Improbable,Nassim Nicholas Taleb,Elliot Stock,1945
Foundation and Earth,Isaac Asimov,Ellora's Cave,2014
The Lies of Locke Lamora,Scott Lynch,Elsevier,1914
The Murder of Roger Ackroyd,Agatha Christie,Emerald Group Publishing,1940
Just So Stories,Rudyard Kipling,Etruscan Press,1994
Allegiant,Veronica Roth,Europa Press,1908
In Defense of Food: An Eater's Manifesto,Michael Pollan,Everyman's Library,1969
The Kitchen God's Wife,Amy Tan,Ewha Womans University Press,1993
The Castle,Franz Kafka,Exact Change,1930
"Bud, Not Buddy",Christopher Paul Curtis,2011
Red Mars,Kim Stanley Robinson,Tata Publishers,1908
The Sword of Shannara,Terry Brooks,Faber and Faber,1901
The Scarlet Pimpernel,"Emmuska, Baroness Orczy",2017
A Discovery of Witches,Deborah Harkness,Fairview Press,1973
Her Fearful Symmetry,Audrey Niffenegger,"Farrar,1910
Shiver,Maggie Stiefvater,Fearless Books,1942
Dolores Claiborne,Stephen King,Felony & Mayhem Press,1962
Mona Lisa Overdrive,William Gibson,Firebrand Books,1924
His Majesty's Dragon,Naomi Novik,Flame Tree Publishing,1931
Veronika Decides to Die,Paulo Coelho,Focal Press,1984
Portnoy's Complaint,Philip Roth,Folio Society,1995
Seabiscuit: An American Legend,Laura Hillenbrand,Forum Media Group,1904
The Long Winter,Laura Ingalls Wilder,Four Courts Press,1901
The Lost Hero,Rick Riordan,Four Walls Eight Windows,1981
The Taming of the Shrew,William Shakespeare,"Frederick Fell Publishers,1976
Can You Keep A Secret?,Sophie Kinsella,Frederick Warne & Co,1973
The Screwtape Letters,C. S. Lewis,Free Press,2019
Labyrinth,Kate Mosse,Fulcrum Press,2016
Special Topics in Calamity Physics,Marisha Pessl,Funk & Wagnalls,1977
Welcome to the Monkey House,"Kurt Vonnegut, Jr.",1906
Gerald's Game,Stephen King,G. P. Putnam's Sons,2002
The Inheritance of Loss,Kiran Desai,G-Unit Books,1947
The Tin Drum,G√ºnter Grass,Gaspereau Press,1908
Hard Eight,Janet Evanovich,Gay Men's Press,1965
The Farthest Shore,Ursula K. Le Guin,Gefen Publishing House,1987
Four Past Midnight,Stephen King,George H. Doran Company,1967
Tears of the Giraffe,Alexander McCall Smith,George Newnes,1961
The Sonnets,William Shakespeare,George Routledge & Sons,1947
Farmer Boy,Laura Ingalls Wilder,Godwit Press,1965
Hoot,Carl Hiaasen,Golden Cockerel Press,2019
By the Shores of Silver Lake,Laura Ingalls Wilder,The Good Book Company (UK),2000
Dear John,Nicholas Sparks,Good News Publishers,2014
The Quiet American,Graham Greene,Goops Unlimited,1992
A History of God,Karen Armstrong,Leaf Books,1944
Bury My Heart at Wounded Knee: An Indian History of the American West,Dee Brown,Leafwood Publishers,1935
The Sweetness at the Bottom of the Pie,Alan Bradley,Left Book Club,2013
Till We Have Faces,C. S. Lewis,Legend Books,1950
To The Nines,Janet Evanovich,Legend Press,1941
